{"r2_score": 0.9951528652361141, "MSE": 316.0236654226567, "MAPE": 0.01569727978701951}